{"cameraMode":{"drawMode":0,"name":"Shaded","section":"Shading Mode"},"sceneLighting":true,"audioPlay":false,"sceneViewState":{"showFog":false,"showMaterialUpdate":false,"showSkybox":false,"showFlares":false,"showImageEffects":false,"showParticleSystems":false},"in2DMode":false,"pivot":{"x":29.15473175048828,"y":-44.77657699584961,"z":24.778789520263673},"rotation":{"x":0.5708823800086975,"y":-0.07096439599990845,"z":0.049620721489191058,"w":0.8164592981338501},"size":83.53934478759766,"orthographic":false}