{"cameraMode":{"drawMode":2,"name":"Shaded Wireframe","section":"Shading Mode"},"sceneLighting":true,"audioPlay":false,"sceneViewState":{"showFog":false,"showMaterialUpdate":false,"showSkybox":false,"showFlares":false,"showImageEffects":false,"showParticleSystems":false},"in2DMode":false,"pivot":{"x":1.2210490703582764,"y":-7.823360443115234,"z":2.8940043449401857},"rotation":{"x":-0.6114959120750427,"y":0.03012390248477459,"z":-0.023307310417294503,"w":-0.7903321385383606},"size":12.354183197021485,"orthographic":false}