{"cameraMode":{"drawMode":0,"name":"Shaded","section":"Shading Mode"},"sceneLighting":true,"audioPlay":false,"sceneViewState":{"showFog":false,"showMaterialUpdate":false,"showSkybox":false,"showFlares":false,"showImageEffects":false,"showParticleSystems":false},"in2DMode":false,"pivot":{"x":16.917051315307618,"y":-31.80275535583496,"z":26.714624404907228},"rotation":{"x":-0.5521975159645081,"y":0.20806431770324708,"z":-0.14464904367923737,"w":-0.7942796945571899},"size":84.40589904785156,"orthographic":false}