{"cameraMode":{"drawMode":0,"name":"Shaded","section":"Shading Mode"},"sceneLighting":false,"audioPlay":false,"sceneViewState":{"showFog":false,"showMaterialUpdate":false,"showSkybox":false,"showFlares":false,"showImageEffects":false,"showParticleSystems":false},"in2DMode":false,"pivot":{"x":2.117690086364746,"y":-7.958515167236328,"z":-1.4267276525497437},"rotation":{"x":0.36126595735549929,"y":0.6386828422546387,"z":-0.48593267798423769,"w":0.4748271703720093},"size":11.917530059814454,"orthographic":false}