{"cameraMode":{"drawMode":0,"name":"Shaded","section":"Shading Mode"},"sceneLighting":true,"audioPlay":false,"sceneViewState":{"showFog":false,"showMaterialUpdate":false,"showSkybox":false,"showFlares":false,"showImageEffects":false,"showParticleSystems":false},"in2DMode":false,"pivot":{"x":16.584562301635743,"y":-29.08406639099121,"z":55.03289031982422},"rotation":{"x":-0.3802937865257263,"y":0.0576503612101078,"z":-0.02376542054116726,"w":-0.9227803349494934},"size":84.40589904785156,"orthographic":false}