{"cameraMode":{"drawMode":0,"name":"Shaded","section":"Shading Mode"},"sceneLighting":true,"audioPlay":false,"sceneViewState":{"showFog":false,"showMaterialUpdate":false,"showSkybox":false,"showFlares":false,"showImageEffects":false,"showParticleSystems":false},"in2DMode":false,"pivot":{"x":47.51353454589844,"y":2.049957275390625,"z":133.50909423828126},"rotation":{"x":0.6042852401733398,"y":-0.023654336109757425,"z":0.01795305125415325,"w":0.7962189316749573},"size":397.9755554199219,"orthographic":false}